{"cameraMode":{"drawMode":0,"name":"Shaded","section":"Shading Mode"},"sceneLighting":false,"audioPlay":false,"sceneViewState":{"m_AlwaysRefresh":false,"showFog":true,"showSkybox":false,"showFlares":true,"showImageEffects":true,"showParticleSystems":true,"showVisualEffectGraphs":true,"m_FxEnabled":true},"in2DMode":false,"pivot":{"x":-0.4760391116142273,"y":0.9196367263793945,"z":0.43460947275161745},"rotation":{"x":-0.09022845327854157,"y":0.34420180320739748,"z":-0.033252835273742679,"w":-0.9339554309844971},"size":0.4682968854904175,"orthographic":false}